{"file_hashes":[{"block_hashes":["uq/tqyGbx3kDd+jorep5n/FeFVdjXiOHMNQwXxsNCX8="],"block_size":4096,"path":"CONTRIBUTING.md"},{"block_hashes":["PwHvUx5NECXrL1p/1sX0Kig3hGYR0/wXMaAMueeJpuI="],"block_size":4096,"path":"icons/default128w.png"},{"block_hashes":["iCR490yFqdLyykXEKHwzYJVacXR2ZWHfLSVJ+r5puSw="],"block_size":4096,"path":"icons/default16w.png"},{"block_hashes":["W18IRWYJaY47LG9r94O5FooWFTWzyar/jQPNrgBYs+M="],"block_size":4096,"path":"icons/default48w.png"},{"block_hashes":["fWRoKtYi6ZuuKPErQ6/NUuQDx2WJ8HL0VBRIN/V/D0w="],"block_size":4096,"path":"icons/default512w.png"},{"block_hashes":["MxG5vc/g3LWSmPZy8qit8qw+Ji+pedbojJ9fvfMnBHs="],"block_size":4096,"path":"icons/fast128w.png"},{"block_hashes":["4ddiyZyC28b0ERtJxe/l9SoSkHTLhPzLqZR90muLbxY="],"block_size":4096,"path":"icons/fast16w.png"},{"block_hashes":["dAhBWbM8Bk2q6EASpy3hsxOMF7owcQVWnvdouSu/fRs="],"block_size":4096,"path":"icons/fast256w.png"},{"block_hashes":["qMXc87+yanoYH+PIBilVW/F3D2l+pPIR89dqFhmQoiY="],"block_size":4096,"path":"icons/fast48w.png"},{"block_hashes":["ZG3NeM7qLcOicvWXHi3bc0u45KxDaT98alnnqpa3690="],"block_size":4096,"path":"icons/fast512w.png"},{"block_hashes":["YJ8JLTqWThstUb9blnA6ySYAQbXGWHMqCi/+FEb84Fc=","0K9zV5FeBdPCQ3+Tp306tBFcgGscpE/oXtcSC5Y3+GA=","XwRxiVgKxZK5AYmcv1IURvmIqbQ6v3lK92htAU/jehY=","AZwYvvVplYLG8tD4xoLQ1wBY8sPfzZFuYKoJiavpqF0=","WlhEJ0e0rByy3DdxVX9oPOGu0awTgAOw2nIgGRrLm10=","6IygZn8l1DtAjHVLTCCpTlb5QYHX5O/r93Ww+3y4+0g="],"block_size":4096,"path":"icons/icon128.png"},{"block_hashes":["GcukPBdwkZPgMiG6d/trwf9bNTRtoXRtWbTP9gy5T30="],"block_size":4096,"path":"icons/icon16.png"},{"block_hashes":["hIWAwZEsK/SVoE3pKwh1DQTgQQesTJgrRmoo/9T6/z8="],"block_size":4096,"path":"icons/icon19.png"},{"block_hashes":["2mMtxEUcmqAeCGlm9/5yj0ArU97qpVoHDNADesyFT7Q=","/nTVzg3qZpyq2sxcOfGii71Mn+ERSvv52NgrOGHgYys="],"block_size":4096,"path":"icons/icon48.png"},{"block_hashes":["xgAo3Tk7ooS+t4l3NSnkGYwMCSJJpw0WlLeU8DBXQec="],"block_size":4096,"path":"icons/slow128w-3.png"},{"block_hashes":["BCdXt4371/2YfAUPmp0LPbotfkT7aQ+57hGPsmfyfUQ="],"block_size":4096,"path":"icons/slow128w-cls.png"},{"block_hashes":["6U7aGwmnRworonYK+lCBr4Y/da0U5K7hUsj9/2sUIHw="],"block_size":4096,"path":"icons/slow128w-fid.png"},{"block_hashes":["JTgs4Hb9OBod1aMs7wkua8yN4vFkTjJPNx8SCT3jAVY="],"block_size":4096,"path":"icons/slow128w-inp.png"},{"block_hashes":["hOtWqa6lhFsyZkZ04qzQzx8GGXdv13CT/H0oc8I/H5k="],"block_size":4096,"path":"icons/slow128w-lcp.png"},{"block_hashes":["gDnQ+QA8WVcMCYTczuKYFDnpfi1TpKICDnGRatWjEdI="],"block_size":4096,"path":"icons/slow128w.png"},{"block_hashes":["nIRmd7HbZOUnwApJqnDGwJSRccFawOR4kXXWXSbpFbw="],"block_size":4096,"path":"icons/slow16w.png"},{"block_hashes":["mZM8gBGkwThV/nUhaE3eBkY5zbou6ZruIGzInZEfVcI="],"block_size":4096,"path":"icons/slow256w.png"},{"block_hashes":["PQgSzd1oFfIC6jFO39sC+TFauQLeTtCaGqqSVutlOTc="],"block_size":4096,"path":"icons/slow48w.png"},{"block_hashes":["6pZbCiP9ew5V2YzVyBVwhzc1z7PA9slUHrRlMsqb7WM="],"block_size":4096,"path":"icons/slow512w.png"},{"block_hashes":["GXN0ghq5M15hTG93ccQxkgOg/i3UG5t6llfnzlYjBwI="],"block_size":4096,"path":"icons/vitals48w.png"},{"block_hashes":["09QgTFlF/3rHhBGLqxkpipahkzk7XLRRlYCjR7/jSsg=","1cjIoiHVzwYYF3OIvvxAx5ncn2b77OSOY2ODsnmct3E=","F7aQpW3iUhOrJQe6U4xilvPUTZRIcZHxZB+R3IbtTLs="],"block_size":4096,"path":"LICENSE"},{"block_hashes":["P/aYRMMi7HtT/YZiWcTRqAOO4sbAzUXPu8NGPyjZ/f0=","0QzntT7oWMTqQTjgLvdIGpECHfKODzmNGtVG0gxNURo=","hVeoTakJEbB9wNpZHSGZ+JU8ea8dm+iqBuZE4l6rvH0=","2KFJZINYJFQNQDIpPk60i/FTPZZro4n/aId2yzJzKhk="],"block_size":4096,"path":"media/cwv-extension-badge.png"},{"block_hashes":["1Hsj4DHgTQaFr2HTyyCyR4BT+OrOhfQYWS0csIOQ6Ag=","A5yAXQb2VirwvbPoiC5aIo+CgrDFhzHW415O0vSkeq4=","ZiiUz8e5B2Dz2DlxepQjaJ7UiT2ivI1wBE4gWUeFo4k=","5kinbRV8KbUA1surftr7Vb2oE6Os40oBHKpLFBFr7vY=","h/S2ovS05To3ixXKZz08cCVXlI6paBav2D1+v+JdAyI=","BsA2cEf0VsLJ8J8t29QXuK0PnLIVI3GGCyUbHmNdWxk=","mCihtntfrurLKe015ik4kCTek9CHnyrXYGETfziZfzU=","P9UyQBUaiciymV9REqSJUwBq3a4w8vuPGQ2w1keAdGk=","GPfjhhfMykLc/3MD6o3E2WaOgpC2wUkiWt7JP7VrnsE=","Xm41ZfYUfqiXnaXbJ/j6fv5Sz+4b/8zAl2LHc5AExBo=","AReCNcVjez9/Lxenb0ygrym9NWa4WJozuYKnQ+RYqQU=","zzp9riSwiVcUdItBXqUsSfSf63IKQ3wR3n8r78+hcN4=","ZQM1JvDp7AWR3CanNb80p7rVsiNJpbOux8iipumLEkg=","Zk/p7BgR6xTnyY2JgkT4z5ieZ3dkPauaAan4+kJIUwk=","W7wOopIK/IianamD7erWsjNVoEOnNtvbbjLdqdh8IqM=","UgE0zPK1FvHqVWGealQ+Yg4OaIVV84nzw6k8vZA9GU4=","OKJhYhwpfk0tgZBmZh8YxpcBuqFcB0TJ4l/1cZVpAGE=","BGex1YV8VGLeb8DF5BZIipXCzfl0qdWIR6qbehEfl0M=","gkohsYfiM5VQUfVMNPIzZKoEh5fxoiAsizvZCrKOZwY="],"block_size":4096,"path":"media/cwv-extension-console.png"},{"block_hashes":["OVJuJBNTgV1ekTKVFtVMJxwX3zZWa23YEJLMJPWRyic=","j48LHpU/INRNMAkzuXXc7daWxOqpDKg6uw3fgYIP6Hc=","/zX2MTlgu3cZSDSRhlAjJEUjikuWNbbD+j00XcBA/WE=","E8qacvVV33B8u8fzZZFMXkn2oihrLOdNhrGwb71KK58=","3Ady98ruiQnCXT09RdL9e39jFRd4DOnuMsd6ZmArr9g=","Mt5duBPLEDxbDEnQgy96GEhy10JzzAO4PWzMEFzQMWo=","Qeh/6xLCRnHK+rxCnEwMEcaxnZce9w2aGqxmye9qVog=","m+MoFXP3AHF9oyJZB2m3W0JPUqiJkzq39ldeQkUlOWA=","zoOQJJhQWcgERQkSe8SGpzH0xXSapwoanzZnZiy2+40=","MBxMTtkZSZJLMUV9fPMwwez3/yUxR7jpujGdwEwNF8g=","nNf4JHkjzTAbhohFZti6/xG2Zg1OLJ7K+1lon/UJ+A0=","3bRztPLHhYY2Rg9XdVdYtRBE32w/Y5GSHz6foPku7Gc=","2C0NLAEr3rhTvs2CEg4KHklL4TQcLKlsx9Liq5HTbn8=","lyLgfpIvxCSwmkEnWEMt3Wifmcp2HyCAcpKPhs78iWA=","xobq+SYr3iieJUTmOmG3PZ1V+nuGlt8ks3YS7T7fOr4="],"block_size":4096,"path":"media/cwv-extension-drilldown-2.png"},{"block_hashes":["CA/cK8Tt2GAy0490MjwB+JtEBp5DgDc8rtp7IUn08k0=","8M2GwMDn7f3a36WjhaKiPJQGC09tR4U6oFWU+HclVzw=","exdUlOmzduITJ3A0Xpb10RkgaNI/28P79faodqAM+BQ=","L/lEPt/n9xxrTIQzjGRqoCXX253iLWj4DUHsCVJ8S7c=","5OCkNKeOFqr5a2VOPI2ZPSMRdEVebiD7ERO3LvanTmE=","i29VmXDEpLeYOWs4Ro84Rvrxg95duRp6WgtmdrxXl4I=","sr15T/UXCgOFOqpHATJNunlmzSjP2EYc7CkTfAtpjJM=","gMW65DJKfcUv/kleifu9CkYITBk4hQVnTI7SifnqjyM="],"block_size":4096,"path":"media/cwv-extension-drilldown.png"},{"block_hashes":["6IrqPZWHoGC9HMLALg5X+q0gS+cPFJW9A7EyKLe3SRk=","cynuY5NNZKwScywbLZZbDC8nfwJTK73/nPWnMWLQBPY=","LSiMpRMXuSovI5iRN3uAfn/c115x7RDzwdQ3urZDHKM=","zO3eFAnG99nlZfE2DUc/E4rIViV8pKvxTqYcIGG6A74=","zLbdWrIXzrvBbFZU33X4ZGL5nqqItkIOfDFOvcRG0uI=","4DZGfBPRZLAqzp74Cx0G5WC2Sf6x0PCwKpZJjRNjrzk=","VFH/Ki5s/8ih6B0WKD2U7e2ylCwK4lhM/KkBldKXoDY=","x37AbKYi3b+0DJgwQHN826DXGQGpPkHPHRfKiTOT1f0="],"block_size":4096,"path":"media/cwv-extension-overlay.png"},{"block_hashes":["XpbBbfJ/1JB4t+Hx3nAO7N+CQIMHn4kZSror59QmftU=","CfSjvMfzbkKyW7owfCiS3jGmnldT1PVZopMjrGq6F4s=","pkQA3q6U9CGWGzNMaJwpsc9VYNKHLAMqdN9B+eBsChs=","ECKNVvdCFg6UMsTfgknUgXnKIQtqjXN+ji+G0TDF+gw=","OVqjPo3tYWFT9VMgKGs3Z6BzGus1oW35hFuavr7dkgk=","jE+hCxsoySvcdbwRi47KlR9IoMJpIurm+vkG24fKVTY="],"block_size":4096,"path":"media/cwv-extension-screenshot.png"},{"block_hashes":["vFX++lvaUDhYFLALibsUAe/I4JnwITBT8abbQPe80+s=","6gN9vZ3ndoat4kWeXxlYaBhMiVW/LkXLMDE1vTsfltw=","kA2I7Ts5bXRPB25HS8pOA4x8EGfst1r/PLuHSJAoIYg=","R9gBt92lr49jhbmptfGSzUS7gY6z/gSf5Eyhvf2N/ts=","drTTCkLrtFOcqQ9eQ9meRU+yXgCJ1BTDBuywsSX7zAQ=","GLp/j9UdYdRt+wipdhdDYzwMjQV3o1XTz/MO3fyIos8=","xXvmnrf6aJTQUUclM+818jpfo7pkUtVSv/S1+xhw+Dg=","v+xmA1tDvcn5/U9defzJDF73rk3SYWbrpCZ/gjZq+vo=","R5j4VXgAlh33095kE/MTlNi90uDH2dFnibmfaAJL3LA=","dEXH2OVjPZKS/3CJ7j7JA8kTsOAx5es1/ipz/abeVVM=","vAyNzUz5O9CqJ2yEtKh7IssAR36NkEglarKHRAzgVFo=","u2iH7Rb8g1rapY8uzNs+rVb8R91LQyWxVTM8MmYvjtc=","x2eEIIIyqZAOwQQhBEX39R7hTTJeHiZ+MqRSGyyl1RA=","kmutsddFELMnuqMkbFdC/5DVCWyw1IryMWesjDWl+Fw=","994RVeo55XmmiSVmt2B4ASMzNXH/UDRGP/2M2Boofk4=","8m/uxBgaXVq3geKB+ZeEgr7MkwbnuQT/h9Ha2WBoXMw=","/wzzFp8/4WMWS3ZNsJEBzmytFGEcuOTPbQC1SZZlhKw=","29Ki2u5wOIf0LUsvASvAL28SB1LI973fCTjABUr/V6c=","rvf+F5cuZZQK7yWJxkNld5mFuvEUoAv1qdtWjHA8Itk=","lEXQuw5USkiMC24imEaBxk25qC4cfw6FaeVMpzLfaMk=","EaTp1tWOhg7BWMMWhu90L5lheHUo3l1QuJiwwrZOmHc=","R+2B/TobXYfL4phNImjiHyfSw4KzFHoNMiQGhxeCZJw=","EfQ072qHXM+sZ1jWUafhdwbNC7gIzu+/1myEA/H1raE=","DovDjvdQS2Y4Q0K+s0yQNQKA4DNbcRHEqDmtnyVzUmk=","ngXQvsbGMBawK/KPvm8d3lTYZE1NasNCYjkV4ak/YUM=","urE+yMgG6mtVh7XPLxxf9MnMn71ELzZ9kGp69sjtqAo=","E+fXLiOG2SqTcJmRtdqJShsRhoWctZbnCyKzXlPURwk=","UpgmONi6u1C/h84p5zvIB9y5xjeVBAxEKeGKAmgu2+Y="],"block_size":4096,"path":"package-lock.json"},{"block_hashes":["Ui41bBAeq6AnsCCNPhLQ59nsuFUGSJ4/WzD1jrbgJD4="],"block_size":4096,"path":"package.json"},{"block_hashes":["xkEEJAALUnrov1ZE+tncBZwgyZ+Kd2oKqkHeTAAFko4=","SPQThHIxoq9euKIWrM4cCXQYbh6ZGuAjg/+ejPH4Dts=","GeuM5Q3t6GiC7LPcg342hvT2yqtCmnJ70CutgcJHzRg="],"block_size":4096,"path":"README.md"},{"block_hashes":["N0dzLK9aPvRxS0bTzwYgAgQG0dU31VchanzVuVJblLo=","wzMQlNB9ISKxg8MeLh5KTUCZJpjHRrRrE5uO7UEomXA=","UW8nax+P5Z3NiHWt0cKTOetk2wQ91dhhwtP+JrPNSD0="],"block_size":4096,"path":"service_worker.js"},{"block_hashes":["58n/6jilUynQ8ZAvGDBLIcXAFOs41Ldhj7cdh0ZjEXo="],"block_size":4096,"path":"src/browser_action/browser_action.html"},{"block_hashes":["HLrAEpeTauaUM0m/aFO6FbP/oC8U/e9BOVsZTniolPs="],"block_size":4096,"path":"src/browser_action/chrome.js"},{"block_hashes":["+d2KBBx4asCMloZKNGEKV1bZqrOEwn9BxKDNprisQ2c=","m8dUlv8f1trYkNSfUTJ+i/Keq0hEAUZJm+1YHndPTvk=","/HEoz4rAhhlk7NQOkVp9ieYqDIPrUoqvlL9TDdBpgyM="],"block_size":4096,"path":"src/browser_action/core.css"},{"block_hashes":["AjrjL8M0/OWgxRh2x3YNziqWBpNlhDaaofSzn0v1dxY="],"block_size":4096,"path":"src/browser_action/crux.js"},{"block_hashes":["q7+gBS3Lgjc8wrvCzzo3chRdzQ6vnOsNJAsNxfHjKTM="],"block_size":4096,"path":"src/browser_action/lodash-debounce-custom.js"},{"block_hashes":["PyDzRNnMeOKhmWQ5vOvTvWVuuDNmXjGjVHQRddcljog=","OMYBZjMAQCyqJADAPz8ZUvvl3ESUufAwbzRcSyCCefA="],"block_size":4096,"path":"src/browser_action/metric.js"},{"block_hashes":["j8mh7mr8YJl6//G7V9naAKLFvVI0ZxhkSySiEGiZ5GM="],"block_size":4096,"path":"src/browser_action/on-each-interaction.js"},{"block_hashes":["NollX+LEiKxlnEJHbbu6jVYQfTQd4DJLNsnnOeAbwh0=","nEhqfcpwwC9d7bIQeZDXCqI0EakWcPDjFE+E5OQcRZM="],"block_size":4096,"path":"src/browser_action/popup.html"},{"block_hashes":["8OOB88doX/jyDwxUnq1dvt73wS6sRkKFt1+2uIFjbzc=","f3sy8GwyQNz1HmpE5qfabxBoI79Wzntll4ccHDtlO3k=","HJTW9iB35FwI+S5mJVZZJ4c9z7JzJToTBxRCwwy6uAQ="],"block_size":4096,"path":"src/browser_action/popup.js"},{"block_hashes":["Px52pO1MO/roj0pz0Zl08hwvkEPQrCH4i7qM6H04Wlk=","RePhGck3535mTXf5mBcIdhjNn2nPbtpsXrvkKDdtB0Y=","KlMiyA54PonEUN5IQ7jc/emYbnXp4SboweF2p4c25Eg=","h/h1f3zxxnUqctOWLisn4AkWt1wKkW4VOPkudiNh9DU=","mQLVz4VzcpdF4EnOv/UtqXKP4oubf892r7ugIOqzXQ0=","Oc6L9GKev5K81z4JnLR0JWhHw0CFnDC++D4wY0hkBWI=","kQ2EvkMlyChSNmMnY4tuKZAqDj2gTGaEtpB6JIN8knc=","YW/XxzQ+Avkwbzw6alpaZLpsrk/QDfM5q1jAqyMSwA8=","4KsFDvVfes14ovzQMn2B+Vyw55arByX+0HCOWDsDxso=","omvWDq6CQy/ESSMaBuVqKhvky7hUkGCHGpWA+IZnAT4=","rW6PU+MGF5T/m0lYDn5G7GRhmsYFq55anFmpfL6QgL0=","A2vr/nGWbWKhmu00ixipXz4c0fFgLTeoZ/XdC+h/mo4=","FuCOpfItNmrF6InvJEcUQmXUtyo9wcjf3kxbLgjne3Q=","9+jCD5R5x6hvibHzj3wDwEoJ+fXVX2y6ZfbQoeaup2E=","o+aTm68OAJ9zBUsK/vix1TnUrLkHt1D1vjDrLoCxEgE="],"block_size":4096,"path":"src/browser_action/viewer.css"},{"block_hashes":["sWUCaVfa1Zob1eSbZ6qQd0vRKvmYfIt3G0/zf+MEOO4=","FQ7fBR++L1minuFj2uyKpT/nOeg7MyFjzFkYTKKS7A0=","CB1csf2TAHDO5ci8jNR4kQkUF4fyGPXLCXFMtdVNH2A=","xWa4rs5T6s3OqorGhg7GYrkUg9mjhKOULGL0Z/4akYY=","W3pxW7pf4QXBbrAz9du8hVpM19cYbtyB851O6eYrms8=","HgYwwj+Cw1oUFIBGMHTH1pSDz9Xs3UE1mCIG+YJFDTw="],"block_size":4096,"path":"src/browser_action/vitals.js"},{"block_hashes":["llxV/ftv+va8CKddELjVwiZn9D7wmIk3UOh9BawbVzc=","gF0WkUR6Gfog3iHCxnBdML5Mt6mkcStRNydQygyexNo=","cqFPxKkYAi9+UcTNNROtu346PzvIxhH+smChw8L4hL4="],"block_size":4096,"path":"src/browser_action/web-vitals.js"},{"block_hashes":["ulIgjjLSWs2CPdCUTfNLfF4ljOhUylt/mp3a3X6HMeM="],"block_size":4096,"path":"src/inject/inject.js"},{"block_hashes":["ugIAK7A/JMLiqBaZTh6Haaq7VNbxITxoI6IgcNoIpXw="],"block_size":4096,"path":"src/options/options.html"},{"block_hashes":["GzOnP9R3lV6xNzAYk6vsLcwRBaNN6yalVqFeFO9RL7w="],"block_size":4096,"path":"src/options/options.js"},{"block_hashes":["ITTJGRU/Px5v46m5NkcYqNtUWSffw2Gugybej/hdIYo=","L/Rnm7xQUXw9ILB0Cuf/Hn81MsUhwXowRL3OjpqQ5LM=","kb9EuFC2dnKKwZqhIL/RKw/eXfuKxLONVlPkdgSK0iY=","7IquuPutCkXyY+09BbtSbOilwmZwkNSzbvAc12nZtPk=","NBA1eJ9hhLzHQR8zPmk5+oQLBGcEpb6+5ANnS+SXlmM=","rn+ZoLbYiyuYNYE7/B/Bj2ptMfmM0k0LTY+azCS5Ky0=","vaYUesOXij3gkribcjFx3twXjlB6wzQZbOl/OGtfYWw=","G7Wp06Eu27hxCdw1TAqoXr+A5b2Mv6Dfp2Hij4Kj6Cc=","l7uKBNSmE5H2L8UQN0Q2TQTbxzmSQgdzwuRpSfGFYSA=","FKnZxsMG5yQZNhmaSf7ULYl4Qw0KtIau6UT2WXxbUJM=","ArShAkVnUy5im/n5FbiAL4TAP9/UF3UaC9Xb2ij6Opw="],"block_size":4096,"path":"yarn.lock"}],"version":2}